product_id,product_title,rating,total_reviews,price,top_reviews
itmb102b8a51100e,"Apple iPhone 16 Pro Max (Desert Titanium, 256 GB)",4.6,99,"‚Çπ1,34,999","5 Excellent iPhone 16 Pro Max | Desert Titanium | So powerful like a mini supercomputer ‚ù§Ô∏è READ MORE Saransh Goswami Certified Buyer , Noida 11 months ago 2036 857 Permalink Report Abuse || 4 Very Good Upgrading from iP12 The difference is earth shattering Absolute beast of a phone, take a look at some of the photos that i took from this phone. Just go for it. Worth the price for me‚ù§Ô∏èüëçüèª READ MORE Rohit Hegde Certified Buyer , New Delhi 4 months ago 74 20 Permalink Report Abuse || 5 Best in the market! This is a mini supercomputer. Speed just wow !!! READ MORE SHUBHANKAR KARMAKAR Certified Buyer , North 24 Parganas 10 months ago 1283 549 Permalink Report Abuse"
itm05ad8e674782a,"Apple iPhone 16 Pro Max (Natural Titanium, 256 GB)",4.6,99,"‚Çπ1,34,999","5 Excellent iPhone 16 Pro Max | Desert Titanium | So powerful like a mini supercomputer ‚ù§Ô∏è READ MORE Saransh Goswami Certified Buyer , Noida 11 months ago 2036 857 Permalink Report Abuse || 4 Very Good Upgrading from iP12 The difference is earth shattering Absolute beast of a phone, take a look at some of the photos that i took from this phone. Just go for it. Worth the price for me‚ù§Ô∏èüëçüèª READ MORE Rohit Hegde Certified Buyer , New Delhi 4 months ago 74 20 Permalink Report Abuse || 5 Best in the market! This is a mini supercomputer. Speed just wow !!! READ MORE SHUBHANKAR KARMAKAR Certified Buyer , North 24 Parganas 10 months ago 1283 549 Permalink Report Abuse"
itm7e75db4f27bd5,"Apple iPhone 16 Pro Max (Black Titanium, 256 GB)",4.6,99,"‚Çπ1,34,999","5 Excellent iPhone 16 Pro Max | Desert Titanium | So powerful like a mini supercomputer ‚ù§Ô∏è READ MORE Saransh Goswami Certified Buyer , Noida 11 months ago 2036 857 Permalink Report Abuse || 4 Very Good Upgrading from iP12 The difference is earth shattering Absolute beast of a phone, take a look at some of the photos that i took from this phone. Just go for it. Worth the price for me‚ù§Ô∏èüëçüèª READ MORE Rohit Hegde Certified Buyer , New Delhi 4 months ago 74 20 Permalink Report Abuse || 5 Best in the market! This is a mini supercomputer. Speed just wow !!! READ MORE SHUBHANKAR KARMAKAR Certified Buyer , North 24 Parganas 10 months ago 1283 549 Permalink Report Abuse"
itm78c52ab1c6488,"Apple iPhone 16 Pro Max (White Titanium, 256 GB)",4.6,99,"‚Çπ1,34,999","5 Excellent iPhone 16 Pro Max | Desert Titanium | So powerful like a mini supercomputer ‚ù§Ô∏è READ MORE Saransh Goswami Certified Buyer , Noida 11 months ago 2036 857 Permalink Report Abuse || 4 Very Good Upgrading from iP12 The difference is earth shattering Absolute beast of a phone, take a look at some of the photos that i took from this phone. Just go for it. Worth the price for me‚ù§Ô∏èüëçüèª READ MORE Rohit Hegde Certified Buyer , New Delhi 4 months ago 74 20 Permalink Report Abuse || 5 Best in the market! This is a mini supercomputer. Speed just wow !!! READ MORE SHUBHANKAR KARMAKAR Certified Buyer , North 24 Parganas 10 months ago 1283 549 Permalink Report Abuse"
itmdbb23fa63b708,"Apple iPhone 13 Pro Max (Graphite, 1 TB)",4.6,193,"‚Çπ1,79,900","5 Perfect product! This is it, I am in love with my Oh.So.Proü•∞üòç READ MORE Nimisha yadav Certified Buyer , Bengaluru Nov, 2021 11648 1287 Permalink Report Abuse || 5 Worth every penny Truly the best pro max. Worth the upgrade..Awesome build quality READ MORE Chandan Hazarika Certified Buyer , North Lakhimpur Feb, 2022 5559 824 Permalink Report Abuse || 5 Fabulous! Truly a pro max phone!!! READ MORE Sudhanshu Ojha Certified Buyer , Bangalore Oct, 2021 6270 935 Permalink Report Abuse"
itmd6a2716ec3249,"Apple iPhone 13 Pro Max (Gold, 512 GB)",4.6,193,"‚Çπ1,59,900","5 Perfect product! This is it, I am in love with my Oh.So.Proü•∞üòç READ MORE Nimisha yadav Certified Buyer , Bengaluru Nov, 2021 11648 1287 Permalink Report Abuse || 5 Worth every penny Truly the best pro max. Worth the upgrade..Awesome build quality READ MORE Chandan Hazarika Certified Buyer , North Lakhimpur Feb, 2022 5559 824 Permalink Report Abuse || 5 Fabulous! Truly a pro max phone!!! READ MORE Sudhanshu Ojha Certified Buyer , Bangalore Oct, 2021 6270 935 Permalink Report Abuse"
itmff24c14e68d14,"Apple iPhone 13 Pro Max (Silver, 256 GB)",4.6,193,"‚Çπ1,39,900","5 Perfect product! This is it, I am in love with my Oh.So.Proü•∞üòç READ MORE Nimisha yadav Certified Buyer , Bengaluru Nov, 2021 11648 1287 Permalink Report Abuse || 5 Worth every penny Truly the best pro max. Worth the upgrade..Awesome build quality READ MORE Chandan Hazarika Certified Buyer , North Lakhimpur Feb, 2022 5559 824 Permalink Report Abuse || 5 Fabulous! Truly a pro max phone!!! READ MORE Sudhanshu Ojha Certified Buyer , Bangalore Oct, 2021 6270 935 Permalink Report Abuse"
itmd50ee574a9335,"Apple iPhone 13 Pro Max (Alpine Green, 256 GB)",4.6,193,"‚Çπ1,39,900","5 Perfect product! This is it, I am in love with my Oh.So.Proü•∞üòç READ MORE Nimisha yadav Certified Buyer , Bengaluru Nov, 2021 11648 1287 Permalink Report Abuse || 5 Worth every penny Truly the best pro max. Worth the upgrade..Awesome build quality READ MORE Chandan Hazarika Certified Buyer , North Lakhimpur Feb, 2022 5559 824 Permalink Report Abuse || 5 Fabulous! Truly a pro max phone!!! READ MORE Sudhanshu Ojha Certified Buyer , Bangalore Oct, 2021 6270 935 Permalink Report Abuse"
itmbadc894a42a39,"IQOO Neo9 Pro (Fiery Red, 256 GB)",4.5,48,"‚Çπ38,900","5 Mind-blowing purchase Good ausom READ MORE Chetu  Runwal Certified Buyer , Kinwat Mar, 2024 325 92 Permalink Report Abuse || 5 Wonderful Phone is good gaming and all normal use READ MORE Sooraj Appu Certified Buyer , Palakkad District Mar, 2024 291 82 Permalink Report Abuse || 5 Great product Value for money mobile READ MORE Sanjay Haldar Certified Buyer , Noida Mar, 2024 406 120 Permalink Report Abuse"
itmb395142fd7c8b,"IQOO Neo 9 Pro (Fiery Red, 256 GB)",4.5,16,"‚Çπ38,299","5 Classy product Vlue for money üí∞ READ MORE AKASH R Certified Buyer , Cuddalore Apr, 2024 642 185 Permalink Report Abuse || 5 Brilliant Good READ MORE Sreenu  Vakada Certified Buyer , East Godavari District Apr, 2024 230 67 Permalink Report Abuse || 5 Great product Beast pho READ MORE Mukesh Chohan Certified Buyer , New Delhi Aug, 2024 81 23 Permalink Report Abuse"
itmb395142fd7c8b,"IQOO Neo 9 Pro (Conqueror Black, 256 GB)",4.5,16,"‚Çπ38,989","5 Classy product Vlue for money üí∞ READ MORE AKASH R Certified Buyer , Cuddalore Apr, 2024 642 185 Permalink Report Abuse || 5 Brilliant Good READ MORE Sreenu  Vakada Certified Buyer , East Godavari District Apr, 2024 230 67 Permalink Report Abuse || 5 Great product Beast pho READ MORE Mukesh Chohan Certified Buyer , New Delhi Aug, 2024 81 23 Permalink Report Abuse"
itmbadc894a42a39,"IQOO NEO9 PRO (Fiery Red, 256 GB)",4.5,29,"‚Çπ33,999","5 Fabulous! Amazing Products üòç Gaming Performance Is Real Superbüôåüèª Refresh 144Hz Very High üòà Display Also Good üòã Camera Quality Is Awesome üòé READ MORE Sagar Gurjal Certified Buyer , Indore May, 2024 178 28 Permalink Report Abuse || 5 Awesome 100% Buying READ MORE KirAn  Sl Certified Buyer , Thiruvananthapuram District Apr, 2024 162 31 Permalink Report Abuse || 5 Fabulous! Awesome READ MORE Sanni Kumar Certified Buyer , Muzaffarpur District Mar, 2024 87 27 Permalink Report Abuse"
